{"cameraMode":{"drawMode":0,"name":"Shaded","section":"Shading Mode"},"sceneLighting":true,"audioPlay":false,"sceneViewState":{"m_AlwaysRefresh":false,"showFog":true,"showSkybox":true,"showFlares":true,"showImageEffects":true,"showParticleSystems":true,"showVisualEffectGraphs":true,"m_FxEnabled":true},"in2DMode":false,"pivot":{"x":881.143310546875,"y":189.26251220703126,"z":136.099365234375},"rotation":{"x":0.023968098685145379,"y":0.04946526885032654,"z":-0.0011872209142893553,"w":0.9984827637672424},"size":395.1371765136719,"orthographic":false}